url_path,views_total,views_unique
/go-gorm/dbresolver,262,204
/go-gorm/dbresolver/tags,19,14
/go-gorm/dbresolver/blob/master/dbresolver.go,16,15
/go-gorm/dbresolver/blob/master/database.go,12,10
/go-gorm/dbresolver/commit/28afa64a6325ab15bd7be258b4423ac90f4abd77,9,6
/go-gorm/dbresolver/blob/master/dbresolver_test.go,8,8
/go-gorm/dbresolver/blob/master/go.mod,8,7
/go-gorm/dbresolver/blob/master/policy.go,8,6
/go-gorm/dbresolver/blob/master/resolver.go,7,6
/go-gorm/dbresolver/blob/master/clauses.go,7,4
